ticker,count
AACG,0
AACQ,0
AACQU,0
AACQW,0
AAL,0
AAME,0
AAOI,0
AAPL,0
AAWW,0
AAXJ,0
AAXN,0
ABCB,0
ABEV,0
ABIO,0
ABUS,0
ACB,0
ACBI,0
ACGL,0
ACGLO,0
ACGLP,0
ACLS,0
ACTC,0
ACTCU,0
ACTCW,0
ACWI,0
ACWX,0
ADI,0
ADOC,0
ADOCR,0
ADOCW,0
ADP,0
ADRE,0
ADSK,0
AEHL,0
AEP,0
AEPPL,0
AEPPZ,0
AEYE,0
AFIN,0
AFINP,0
AG,0
AGTC,0
AGZD,0
AHI,0
AIA,0
AIHS,0
AIM,0
AINV,0
AIQ,0
AIRR,0
AIV,0
AJRD,0
ALLY,0
ALOT,0
ALTY,0
AMAT,0
AMC,0
AMCA,0
AMCI,0
AMCIU,0
AMCIW,0
AMCX,0
AMD,0
AMED,0
AMEH,0
AMGN,0
AMHC,0
AMHCU,0
AMHCW,0
AMKR,0
AMNB,0
AMOV,0
AMPE,0
AMPH,0
AMRB,0
AMRH,0
AMRHW,0
AMRS,0
AMSC,0
AMSF,0
AMST,0
AMSWA,0
AMTB,0
AMTBB,0
AMTI,0
AMWD,0
AMYT,0
ANAB,0
ANAT,0
ANCN,0
ANDA,0
ANDAR,0
ANDAU,0
ANDAW,0
ANDE,0
ANGI,0
ANGL,0
ANGO,0
ANIK,0
ANIP,0
ANIX,0
ANNX,0
ANPC,0
ANSS,0
ANY,0
AOUT,0
APA,0
APDN,0
APEI,0
APEN,0
APHA,0
APLS,0
APLT,0
APM,0
APOG,0
APOP,0
APOPW,0
APPF,0
APPN,0
APPS,0
APRE,0
APTO,0
APTX,0
APVO,0
APWC,0
APXT,0
APXTU,0
APXTW,0
APYX,0
AQB,0
AQMS,0
AQST,0
AR,0
ARAV,0
ARCB,0
ARCC,0
ARCE,0
ARCT,0
ARDS,0
ARDX,0
AREC,0
ARGX,0
ARKR,0
ARNA,0
AROW,0
ARQT,0
ARRY,0
ARTL,0
ARTLW,0
ARTNA,0
ARTW,0
ARVN,0
ARWR,0
ARYA,0
ASET,0
ASLN,0
ASMB,0
ASML,0
ASND,0
ASPU,0
ASRT,0
ASRV,0
ASRVP,0
ASTC,0
ASTE,0
ASUR,0
ASYS,0
ATAX,0
ATCX,0
ATEX,0
ATHA,0
ATHX,0
ATIF,0
ATLC,0
ATLO,0
ATNI,0
ATNX,0
ATOM,0
ATOS,0
ATRA,0
ATRC,0
ATRI,0
ATRO,0
ATRS,0
ATUS,0
ATXI,0
AUB,0
AUBAP,0
AUBN,0
AUDC,0
AUPH,0
AUTL,0
AUTO,0
AUUD,0
AUUDW,0
AUVI,0
AUY,0
AVCO,0
AVCT,0
AVCTW,0
AVDL,0
AVEO,0
AVGO,0
AVGOP,0
AVGR,0
AVID,0
AVIR,0
AVNW,0
AVO,0
AVRO,0
AVT,0
AVXL,0
AWH,0
AWRE,0
AXGN,0
AXLA,0
AXNX,0
AXSM,0
AXTI,0
AY,0
AYLA,0
AYRO,0
AYTU,0
AZN,0
AZPN,0
AZRX,0
AZYO,0
BA,0
BABA,0
BAC,0
BAND,0
BANF,0
BANFP,0
BANR,0
BANX,0
BASI,0
BATRA,0
BATRK,0
BB,0
BBBY,0
BBC,0
BBCP,0
BBD,0
BBGI,0
BBH,0
BBI,0
BBIG,0
BBIO,0
BBP,0
BBQ,0
BBRX,0
BBSI,0
BCAB,0
BCAC,0
BCACU,0
BCBP,0
BCDA,0
BCDAW,0
BCEL,0
BCLI,0
BCML,0
BCOR,0
BCOV,0
BCPC,0
BCRX,0
BCTG,0
BCTX,0
BCYC,0
BDGE,0
BDSI,0
BDSX,0
BDTX,0
BEAM,0
BEAT,0
BECN,0
BEEM,0
BEEMW,0
BELFA,0
BELFB,0
BFC,0
BFIN,0
BFIT,0
BFRA,0
BFST,0
BFT,0
BGCP,0
BGFV,0
BGNE,0
BGRN,0
BHAT,0
BHF,0
BHFAL,0
BHFAN,0
BHFAO,0
BHFAP,0
BHSEU,0
BHTG,0
BIB,0
BICK,0
BIDU,0
BIGC,0
BIIB,0
BILI,0
BIMI,0
BIOC,0
BIOL,0
BIS,0
BIVI,0
BJK,0
BJRI,0
BKCC,0
BKEP,0
BKEPP,0
BKNG,0
BKSC,0
BKYI,0
BL,0
BLBD,0
BLCM,0
BLCN,0
BLCT,0
BLDP,0
BLDR,0
BLFS,0
BLI,0
BLIN          ,0
BLKB,0
BLMN,0
BLNK,0
BLNKW,0
BLPH,0
BLRX,0
BLSA,0
BLU,0
BLUE,0
BLUWU,0
BMCH,0
BMLP,0
BMRA,0
BMRC,0
BMRN,0
BMTC,0
BMY,0
BND,0
BNDW,0
BNDX,0
BNFT,0
BNGO,0
BNGOW,0
BNR,0
BNSO,0
BNTC,0
BNTX,0
BOCH,0
BOKF,0
BOKFL,0
BOMN,0
BOOM,0
BOSC,0
BOTJ,0
BOTZ,0
BOWX,0
BOWXU,0
BOWXW,0
BOXL,0
BP,0
BPFH,0
BPMC,0
BPOP,0
BPOPM,0
BPOPN,0
BPRN,0
BPTH,0
BPY,0
BPYPN,0
BPYPO,0
BPYPP,0
BPYU,0
BPYUP,0
BREZU,0
BRID,0
BRKL,0
BRKR,0
BRKS,0
BRLI,0
BRLIR,0
BRLIU,0
BRLIW,0
BROG,0
BROGW,0
BRP,0
BRPA,0
BRPAR,0
BRPAU,0
BRPAW,0
BRQS,0
BRY,0
BSAE,0
BSBE,0
BSBK,0
BSCE,0
BSCL,0
BSCM,0
BSCN,0
BSCO,0
BSCP,0
BSCQ,0
BSCR,0
BSCS,0
BSCT,0
BSCU,0
BSDE,0
BSET,0
BSGM,0
BSJL,0
BSJM,0
BSJN,0
BSJO,0
BSJP,0
BSJQ,0
BSJR,0
BSJS,0
BSML,0
BSMM,0
BSMN,0
BSMO,0
BSMP,0
BSMQ,0
BSMR,0
BSMS,0
BSMT,0
BSMU,0
BSQR,0
BSRR,0
BSVN,0
BSX,0
BSY,0
BTAI,0
BTAQ,0
BTAQU,0
BTAQW,0
BTBT,0
BTEC,0
BTWN,0
BTWNU,0
BTWNW,0
BUG,0
BUSE,0
BVXV,0
BWACU,0
BWAY,0
BWB,0
BWEN,0
BWFG,0
BWMX,0
BXRX,0
BYFC,0
BYND,0
BYSI,0
BZUN,0
C,0
CAAS,0
CABA,0
CAC,0
CACC,0
CACG,0
CAKE,0
CALA,0
CALB,0
CALM,0
CALT,0
CAMP,0
CAMT,0
CAN,0
CAPA,0
CAPAU,0
CAPAW,0
CAPR,0
CAR,0
CARA,0
CARE,0
CARG,0
CARV,0
CARZ,0
CASA,0
CASI,0
CASS,0
CASY,0
CATB,0
CATC,0
CATH,0
CATM,0
CATY,0
CBAN,0
CBAT,0
CBAY,0
CBFV,0
CBIO,0
CBLI,0
CBMB,0
CBMG,0
CBNK,0
CBOE,0
CBPO,0
CBRL,0
CBSH,0
CBTX,0
CCAP,0
CCB,0
CCBG,0
CCCC,0
CCD,0
CCL,0
CCLP,0
CCMP,0
CCNC,0
CCNE,0
CCNEP,0
CCOI,0
CCRC,0
CCRN,0
CCXI,0
CD,0
CDAK,0
CDC,0
CDEV,0
CDK,0
CDL,0
CDLX,0
CDMO,0
CDMOP,0
CDNA,0
CDNS,0
CDOR,0
CDTX,0
CDW,0
CDXC,0
CDXS,0
CDZI,0
CECE,0
CEFA,0
CELC,0
CELH,0
CEMI,0
CENT,0
CENTA,0
CENX,0
CERC,0
CERE,0
CEREW,0
CERN,0
CERS,0
CERT,0
CETX,0
CETXP,0
CETXW,0
CEVA,0
CEY,0
CEZ,0
CFA,0
CFACU,0
CFB,0
CFBI,0
CFBK,0
CFFI,0
CFFN,0
CFII,0
CFIIU,0
CFIIW,0
CFMS,0
CFO,0
CFRX,0
CG,0
CGBD,0
CGC,0
CGEN,0
CGIX,0
CGNX,0
CGO,0
CGRO,0
CGROU,0
CGROW,0
CHB,0
CHCI,0
CHCO,0
CHDN,0
CHEF,0
CHEK,0
CHEKZ,0
CHFS,0
CHI,0
CHIC,0
CHKP,0
CHMA,0
CHMG,0
CHNA,0
CHNG,0
CHNGU,0
CHNR,0
CHPM,0
CHPMU,0
CHPMW,0
CHRS,0
CHRW,0
CHSCL,0
CHSCM,0
CHSCN,0
CHSCO,0
CHSCP,0
CHTR,0
CHUY,0
CHW,0
CHY,0
CIBR,0
CID,0
CIDM,0
CIGI,0
CIH,0
CIIC,0
CIICU,0
CIICW,0
CIL,0
CINF,0
CIVB,0
CIZ,0
CIZN,0
CJJD,0
CKPT,0
CLAR,0
CLBK,0
CLBS,0
CLCT,0
CLDB,0
CLDX,0
CLEU,0
CLF,0
CLFD,0
CLGN,0
CLIR,0
CLLS,0
CLMT,0
CLNE,0
CLOU,0
CLPS,0
CLPT,0
CLRB,0
CLRBZ,0
CLRG,0
CLRO,0
CLSD,0
CLSK,0
CLSN,0
CLVS,0
CLWT,0
CLXT,0
CMBM,0
CMCO,0
CMCSA,0
CMCT,0
CMCTP,0
CME,0
CMFNL,0
CMLF,0
CMLFU,0
CMLFW,0
CMLS,0
CMPI,0
CMPR,0
CMPS,0
CMPX,0
CMRX,0
CMTL,0
CNBKA,0
CNC,0
CNCE,0
CNCR,0
CNDT,0
CNET,0
CNFR,0
CNFRL,0
CNK,0
CNMD,0
CNNB,0
CNOB,0
CNSL,0
CNSP,0
CNST,0
CNTG,0
CNTX,0
CNTY,0
CNXC,0
CNXN,0
COCP,0
CODA,0
CODX,0
COFS,0
COGT,0
COHR,0
COHU,0
COKE,0
COLB,0
COLL,0
COLM,0
COMM,0
COMT,0
CONE,0
CONN,0
CONXU,0
COOP,0
COP,0
CORE,0
CORT,0
COST,0
COTY,0
COUP,0
COWN,0
COWNL,0
COWNZ,0
CPAH,0
CPHC,0
CPIX,0
CPLP,0
CPRT,0
CPRX,0
CPSH,0
CPSI,0
CPSS,0
CPST,0
CPTA,0
CPTAG,0
CPTAL,0
CPTI,0
CPZ,0
CRAI,0
CRBP,0
CRDF,0
CREE,0
CREG,0
CRESY,0
CREX,0
CREXW,0
CRIS,0
CRM,0
CRMT,0
CRNC,0
CRNT,0
CRNX,0
CRON,0
CROX,0
CRSA,0
CRSAU,0
CRSAW,0
CRSP,0
CRSR,0
CRTD,0
CRTDW,0
CRTO,0
CRTX,0
CRUS,0
CRVL,0
CRVS,0
CRWD,0
CRWS,0
CSA,0
CSB,0
CSBR,0
CSCO,0
CSCW,0
CSF,0
CSGP,0
CSGS,0
CSII,0
CSIQ,0
CSML,0
CSOD,0
CSPI,0
CSQ,0
CSSE,0
CSSEN,0
CSSEP,0
CSTE,0
CSTL,0
CSTR,0
CSWC,0
CSWCL,0
CSWI,0
CSX,0
CTAQU,0
CTAS,0
CTBI,0
CTEC,0
CTG,0
CTHR,0
CTIB,0
CTIC,0
CTMX,0
CTRE,0
CTRM,0
CTRN,0
CTSH,0
CTSO,0
CTXR,0
CTXRW,0
CTXS,0
CUBA,0
CUE,0
CURI,0
CURIW,0
CUTR,0
CVAC,0
CVBF,0
CVCO,0
CVCY,0
CVET,0
CVGI,0
CVGW,0
CVLB,0
CVLG,0
CVLT,0
CVLY,0
CVV,0
CVX,0
CWBC,0
CWBR,0
CWCO,0
CWST,0
CXDC,0
CXDO,0
CXSE,0
CYAD,0
CYAN,0
CYBE,0
CYBR,0
CYCC,0
CYCCP,0
CYCN,0
CYRN,0
CYRX,0
CYTH,0
CYTHW,0
CYTK,0
CZNC,0
CZR,0
CZWI,0
DADA,0
DAIO,0
DAKT,0
DAL,0
DALI,0
DARE,0
DAX,0
DBDR,0
DBDRU,0
DBDRW,0
DBVT,0
DBX,0
DCBO,0
DCOM,0
DCOMP,0
DCPH,0
DCRB,0
DCRBU,0
DCRBW,0
DCT,0
DCTH,0
DDI,0
DDIV,0
DDMXU,0
DDOG,0
DEMZ,0
DENN,0
DFFN,0
DFHT,0
DFHTU,0
DFHTW,0
DFNL,0
DFPH,0
DFPHU,0
DFPHW,0
DFVL,0
DFVS,0
DGICA,0
DGICB,0
DGII,0
DGLY,0
DGNS,0
DGRE,0
DGRS,0
DGRW,0
DHC,0
DHCNI,0
DHCNL,0
DHIL,0
DINT,0
DIOD,0
DIS,0
DISCA,0
DISCB,0
DISCK,0
DISH,0
DJCO,0
DKNG,0
DLHC,0
DLPN,0
DLPNW,0
DLTH,0
DLTR,0
DMAC,0
DMLP,0
DMRC,0
DMTK,0
DMXF,0
DNLI,0
DOCU,0
DOGZ,0
DOMO,0
DOOO,0
DORM,0
DOX,0
DOYU,0
DRAD,0
DRADP,0
DRIO,0
DRIOW,0
DRIV,0
DRMT,0
DRNA,0
DRRX,0
DRTT,0
DSAC,0
DSACU,0
DSACW,0
DSGX,0
DSKE,0
DSKEW,0
DSPG,0
DSWL,0
DTEA,0
DTIL,0
DTSS,0
DUO,0
DUOT,0
DUSA,0
DVAX,0
DVLU,0
DVN,0
DVOL,0
DVY,0
DWAS,0
DWAT,0
DWCR,0
DWFI,0
DWLD,0
DWPP,0
DWSN,0
DXCM,0
DXGE,0
DXJS,0
DXLG,0
DXPE,0
DXYN,0
DYAI,0
DYN,0
DYNT,0
DZSI,0
EA,0
EAR,0
EARS,0
EAST,0
EBAY,0
EBAYL,0
EBC,0
EBIX,0
EBIZ,0
EBMT,0
EBON,0
EBSB,0
EBTC,0
ECHO,0
ECOL,0
ECOLW,0
ECOR,0
ECOW,0
ECPG,0
EDAP,0
EDIT,0
EDOC,0
EDRY,0
EDSA,0
EDTK,0
EDTXU,0
EDUC,0
EDUT,0
EEFT,0
EEMA,0
EFAS,0
EFOI,0
EFSC,0
EGAN,0
EGBN,0
EGLE,0
EGOV,0
EGRX,0
EH,0
EHTH,0
EIDX,0
EIGI,0
EIGR,0
EKSO,0
ELOX,0
ELSE,0
ELTK,0
ELYS,0
EMB,0
EMCB,0
EMCF,0
EMIF,0
EMKR,0
EML,0
EMXC,0
EMXF,0
ENDP,0
ENG,0
ENLV,0
ENOB,0
ENPH,0
ENSG,0
ENTA,0
ENTG,0
ENTX,0
ENTXW,0
ENZL,0
EOLS,0
EOSE,0
EOSEW,0
EPAY,0
EPD,0
EPIX,0
EPSN,0
EPZM,0
EQ,0
EQBK,0
EQIX,0
EQOS,0
EQOSW,0
EQRR,0
ERES,0
ERESU,0
ERESW,0
ERIC,0
ERIE,0
ERII,0
ERYP,0
ESBK,0
ESCA,0
ESEA,0
ESG,0
ESGD,0
ESGE,0
ESGG,0
ESGR,0
ESGRO,0
ESGRP,0
ESGU,0
ESLT,0
ESPO,0
ESPR,0
ESQ,0
ESSA,0
ESSC,0
ESSCR,0
ESSCU,0
ESSCW,0
ESTA,0
ESXB,0
ET,0
ETAC,0
ETACU,0
ETACW,0
ETON,0
ETSY,0
ETTX,0
EUCRU,0
EUFN,0
EVBG,0
EVER,0
EVFM,0
EVGBC,0
EVGN,0
EVK,0
EVLMC,0
EVLO,0
EVOK,0
EVOL,0
EVOP,0
EVSTC,0
EWBC,0
EWEB,0
EWJE,0
EWJV,0
EWZS,0
EXAS,0
EXC,0
EXEL,0
EXFO,0
EXLS,0
EXPC,0
EXPCU,0
EXPCW,0
EXPD,0
EXPE,0
EXPI,0
EXPO,0
EXTR,0
EYE,0
EYEG,0
EYEN,0
EYES,0
EYESW,0
EYPT,0
EZPW,0
FAAR,0
FAB,0
FAD,0
FALN,0
FAMI,0
FANG,0
FANH,0
FARM,0
FARO,0
FAST,0
FAT,0
FATBP,0
FATBW,0
FATE,0
FB,0
FBIO,0
FBIOP,0
FBIZ,0
FBMS,0
FBNC,0
FBRX,0
FBSS,0
FBZ,0
FCA,0
FCAC,0
FCACU,0
FCACW,0
FCAL,0
FCAP,0
FCBC,0
FCBP,0
FCCO,0
FCEF,0
FCEL,0
FCFS,0
FCNCA,0
FCNCP,0
FCRD,0
FCVT,0
FCX,0
FDBC,0
FDIV,0
FDNI,0
FDT,0
FDTS,0
FDUS,0
FDUSG,0
FDUSL,0
FDUSZ,0
FEIM,0
FELE,0
FEM,0
FEMB,0
FEMS,0
FENC,0
FEP,0
FEUZ,0
FEX,0
FEYE,0
FFBC,0
FFBW,0
FFHL,0
FFIC,0
FFIN,0
FFIV,0
FFNW,0
FFWM,0
FGBI,0
FGEN,0
FGM,0
FHB,0
FHN,0
FHTX,0
FIBK,0
FID,0
FIII,0
FIIIU,0
FIIIW,0
FINX,0
FISI,0
FISV,0
FITB,0
FITBI,0
FITBO,0
FITBP,0
FIVE,0
FIVN,0
FIXD,0
FIXX,0
FIZZ,0
FJP,0
FKU,0
FLACU,0
FLDM,0
FLEX,0
FLGT,0
FLIC,0
FLIR,0
FLL,0
FLMN,0
FLMNW,0
FLN,0
FLNT,0
FLRZ,0
FLUX,0
FLWR,0
FLXN,0
FLXS,0
FMAO,0
FMAX,0
FMB,0
FMBH,0
FMBI,0
FMBIO,0
FMBIP,0
FMHI,0
FMNB,0
FMTX,0
FNCB,0
FNHC,0
FNK,0
FNKO,0
FNLC,0
FNWB,0
FNX,0
FNY,0
FOCS,0
FOLD,0
FONR,0
FORD,0
FORM,0
FORR,0
FORTY,0
FOSL,0
FOX,0
FOXA,0
FOXF,0
FPA,0
FPAY,0
FPRX,0
FPXE,0
FPXI,0
FRAF,0
FRBA,0
FRBK,0
FREEW,0
FREQ,0
FRG,0
FRGAP,0
FRGI,0
FRHC,0
FRLN,0
FRME,0
FROG,0
FRPH,0
FRPT,0
FRSX,0
FRTA,0
FSBW,0
FSDC,0
FSEA,0
FSFG,0
FSLR,0
FSR,0
FSRV,0
FSRVU,0
FSRVW,0
FSTR,0
FSTX,0
FSV,0
FSZ,0
FTA,0
FTAG,0
FTC,0
FTCS,0
FTCVU,0
FTDR,0
FTEK,0
FTFT,0
FTGC,0
FTHI,0
FTHM,0
FTIV,0
FTIVU,0
FTIVW,0
FTLB,0
FTNT,0
FTOC,0
FTOCU,0
FTOCW,0
FTRI,0
FTSL,0
FTSM,0
FTXD,0
FTXG,0
FTXH,0
FTXL,0
FTXN,0
FTXO,0
FTXR,0
FUBO,0
FULC,0
FULT,0
FULTP,0
FUNC,0
FUND,0
FUSB,0
FUSN,0
FUTU,0
FUV,0
FV,0
FVC,0
FVCB,0
FVE,0
FWONA,0
FWONK,0
FWP,0
FWRD,0
FXNC,0
FYC,0
FYT,0
FYX,0
GABC,0
GAIA,0
GAIN,0
GAINL,0
GAINM,0
GALT,0
GAN,0
GASS,0
GBCI,0
GBDC,0
GBIO,0
GBLI,0
GBLIL,0
GBLK,0
GBS,0
GBT,0
GCBC,0
GCMG,0
GCMGW,0
GDEN,0
GDRX,0
GDS,0
GDYN,0
GDYNW,0
GE,0
GEC,0
GECC,0
GECCL,0
GECCM,0
GECCN,0
GENC,0
GENE,0
GENY,0
GEOS,0
GERN,0
GEVO,0
GFED,0
GFN,0
GFNCP,0
GFNSL,0
GFNSZ,0
GGAL,0
GH,0
GHIV,0
GHIVU,0
GHIVW,0
GHSI,0
GHVIU,0
GIFI,0
GIGE,0
GIGM,0
GIII,0
GILD,0
GILT,0
GLAD,0
GLADD,0
GLADL,0
GLAQU,0
GLBS,0
GLBZ,0
GLDD,0
GLDI,0
GLG,0
GLMD,0
GLNG,0
GLPG,0
GLPI,0
GLRE,0
GLSI,0
GLTO,0
GLUU,0
GLYC,0
GM,0
GMAB,0
GMBL,0
GMBLW,0
GMDA,0
GME,333
GMLP,0
GMLPP,0
GMVD,0
GNCA,0
GNFT,0
GNLN,0
GNMA,0
GNMK,0
GNOM,0
GNPX,0
GNRS,0
GNRSU,0
GNRSW,0
GNSS,0
GNTX,0
GNTY,0
GNUS,0
GO,0
GOCO,0
GOGL,0
GOGO,0
GOLD,0
GOOD,0
GOODM,0
GOODN,0
GOSS,0
GOVX,0
GOVXW,0
GP,0
GPP,0
GPRE,0
GPRO,0
GRAY,0
GRBK,0
GRCY,0
GRCYU,0
GRCYW,0
GRFS,0
GRID,0
GRIF,0
GRIL,0
GRIN,0
GRMN,0
GRNQ,0
GRNV,0
GRNVR,0
GRNVU,0
GRNVW,0
GROW,0
GRPN,0
GRSV,0
GRSVU,0
GRSVW,0
GRTS,0
GRTX,0
GRVY,0
GRWG,0
GSBC,0
GSHD,0
GSIT,0
GSKY,0
GSM,0
GSMG,0
GSMGW,0
GSUM,0
GT,0
GTEC,0
GTH,0
GTHX,0
GTIM,0
GTLS,0
GTYH,0
GURE,0
GVP,0
GWAC,0
GWACW,0
GWGH,0
GWPH,0
GWRS,0
GXGX,0
GXGXU,0
GXGXW,0
GXTG,0
GYRO,0
HAACU,0
HAFC,0
HAIN,0
HAL,0
HALL,0
HALO,0
HAPP,0
HARP,0
HAS,0
HAYN,0
HBAN,0
HBANN,0
HBANO,0
HBCP,0
HBIO,0
HBMD,0
HBNC,0
HBP,0
HBT,0
HCAC,0
HCACU,0
HCACW,0
HCAP,0
HCAPZ,0
HCAR,0
HCARU,0
HCAT,0
HCCI,0
HCDI,0
HCKT,0
HCM,0
HCSG,0
HDS,0
HDSN,0
HEAR,0
HEC,0
HECCU,0
HECCW,0
HEES,0
HELE,0
HEPA,0
HERD,0
HERO,0
HEWG,0
HFBL,0
HFEN,0
HFFG,0
HFWA,0
HGBL,0
HGEN,0
HGSH,0
HHR,0
HIBB,0
HIFS,0
HIHO,0
HIMX,0
HJLI,0
HJLIW,0
HKIT,0
HL,0
HLAL,0
HLG,0
HLIO,0
HLIT,0
HLNE,0
HLXA,0
HMCOU,0
HMHC,0
HMNF,0
HMST,0
HMSY,0
HMTV,0
HNDL,0
HNNA,0
HNRG,0
HOFT,0
HOFV,0
HOFVW,0
HOL,0
HOLI,0
HOLUU,0
HOLUW,0
HOLX,0
HOMB,0
HONE,0
HOOK,0
HOPE,0
HOTH,0
HOVNP,0
HPE,0
HPK,0
HPKEW,0
HPQ,0
HQI,0
HQY,0
HRMY,0
HROW,0
HRTX,0
HRZN,0
HSAQ,0
HSDT,0
HSIC,0
HSII,0
HSKA,0
HSON,0
HST,0
HSTM,0
HSTO,0
HTBI,0
HTBK,0
HTBX,0
HTGM,0
HTHT,0
HTIA,0
HTLD,0
HTLF,0
HTLFP,0
HTOO,0
HTOOW,0
HUBG,0
HUGE,0
HUIZ,0
HURC,0
HURN,0
HUSN,0
HVBC,0
HWBK,0
HWC,0
HWCC,0
HWCPL,0
HWCPZ,0
HWKN,0
HX,0
HYAC,0
HYACU,0
HYACW,0
HYFM,0
HYGO,0
HYLS,0
HYMC,0
HYMCW,0
HYMCZ,0
HYRE,0
HYXF,0
HYZD,0
HZNP,0
IAC,0
IART,0
IBB,0
IBBJ,0
IBCP,0
IBEX,0
IBKR,0
IBN,0
IBOC,0
IBTA,0
IBTB,0
IBTD,0
IBTE,0
IBTF,0
IBTG,0
IBTH,0
IBTI,0
IBTJ,0
IBTK,0
IBTX,0
IBUY,0
ICAD,0
ICBK,0
ICCC,0
ICCH,0
ICFI,0
ICHR,0
ICLK,0
ICLN,0
ICLR,0
ICMB,0
ICON,0
ICPT,0
ICUI,0
IDCC,0
IDEX,0
IDLB,0
IDN,0
IDRA,0
IDXG,0
IDXX,0
IDYA,0
IEA,0
IEAWW,0
IEC,0
IEF,0
IEI,0
IEP,0
IESC,0
IEUS,0
IFGL,0
IFMK,0
IFRX,0
IFV,0
IGAC,0
IGACU,0
IGACW,0
IGF,0
IGIB,0
IGIC,0
IGICW,0
IGLE,0
IGMS,0
IGOV,0
IGSB,0
IHRT,0
IHYF,0
III,0
IIIN,0
IIIV,0
IIN,0
IIVI,0
IIVIP,0
IJT,0
IKNX,0
IKT,0
ILMN,0
ILPT,0
IMAB,0
IMAC,0
IMACW,0
IMBI,0
IMGN,0
IMKTA,0
IMMP,0
IMMR,0
IMNM,0
IMOS,0
IMRA,0
IMRN,0
IMRNW,0
IMTE,0
IMTX,0
IMTXW,0
IMUX,0
IMV,0
IMVT,0
IMXI,0
INAB,0
INAQ,0
INAQU,0
INAQW,0
INBK,0
INBKL,0
INBKZ,0
INBX,0
INCY,0
INDB,0
INDY,0
INFI,0
INFN,0
INFO,0
INFR,0
INGN,0
INM,0
INMB,0
INMD,0
INO,0
INOD,0
INOV,0
INPX,0
INSE,0
INSG,0
INSM,0
INTC,0
INTG,0
INTU,0
INTZ,0
INVA,0
INVE,0
INVO,0
INZY,0
IONS,0
IOSP,0
IOVA,0
IPAR,0
IPDN,0
IPGP,0
IPHA,0
IPHI,0
IPKW,0
IPLDP,0
IPOC,0
IPWR,0
IQ,0
IRBT,0
IRCP,0
IRDM,0
IRIX,0
IRMD,0
IROQ,0
IRTC,0
IRWD,0
ISBC,0
ISDX,0
ISEE,0
ISEM,0
ISHG,0
ISIG,0
ISNS,0
ISRG,0
ISSC,0
ISTB,0
ISTR,0
ITAC,0
ITACU,0
ITACW,0
ITCI,0
ITEQ,0
ITI,0
ITIC,0
ITMR,0
ITOS,0
ITRI,0
ITRM,0
ITRN,0
ITUB,0
IUS,0
IUSB,0
IUSG,0
IUSS,0
IUSV,0
IVA,0
IVAC,0
IXUS,0
IZEA,0
JACK,0
JAGX,0
JAKK,0
JAMF,0
JAN,0
JAQC,0
JAQCU,0
JAZZ,0
JBHT,0
JBLU,0
JBSS,0
JCIC,0
JCICU,0
JCOM,0
JCS,0
JCTCF,0
JD,0
JFIN,0
JG,0
JJSF,0
JKHY,0
JKI,0
JMIA,0
JMPNL,0
JMPNZ,0
JNCE,0
JNJ,0
JOET,0
JOUT,0
JPM,0
JRJC,0
JRSH,0
JRVR,0
JSM,0
JSMD,0
JSML,0
JUPW,0
JUPWW,0
JVA,0
JYAC,0
JYNT,0
KALA,0
KALU,0
KALV,0
KBAL,0
KBNT,0
KBNTW,0
KBSF,0
KBWB,0
KBWD,0
KBWP,0
KBWR,0
KBWY,0
KC,0
KCAPL,0
KDMN,0
KDNY,0
KDP,0
KE,0
KELYA,0
KELYB,0
KEQU,0
KEY,0
KFFB,0
KFRC,0
KGC,0
KHC,0
KIDS,0
KIN,0
KINS,0
KINZU,0
KIRK,0
KLAC,0
KLDO,0
KLIC,0
KLXE,0
KMDA,0
KMI,0
KNDI,0
KNSA,0
KNSL,0
KNTE,0
KO,0
KOD,0
KOPN,0
KOR,0
KOS,0
KOSS,0
KPTI,0
KR,0
KRBP,0
KRMA,0
KRMD,0
KRNT,0
KRNY,0
KRON,0
KROS,0
KRTX,0
KRUS,0
KRYS,0
KSMT,0
KSMTU,0
KSMTW,0
KSPN,0
KTCC,0
KTOS,0
KTOV,0
KTRA,0
KURA,0
KVHI,0
KWEB,0
KXIN,0
KYMR,0
KZIA,0
KZR,0
LACQ,0
LACQU,0
LACQW,0
LAKE,0
LAMR,0
LANC,0
LAND,0
LANDO,0
LANDP,0
LARK,0
LASR,0
LATN,0
LATNU,0
LATNW,0
LAUR,0
LAWS,0
LAZR,0
LAZRW,0
LAZY,0
LBAI,0
LBC,0
LBRDA,0
LBRDK,0
LBTYA,0
LBTYB,0
LBTYK,0
LCA,0
LCAHU,0
LCAHW,0
LCAP,0
LCAPU,0
LCAPW,0
LCNB,0
LCUT,0
LCY,0
LCYAU,0
LCYAW,0
LDEM,0
LDSF,0
LE,0
LECO,0
LEDS,0
LEGH,0
LEGN,0
LEGO,0
LEGOU,0
LEGR,0
LESL,0
LEVL,0
LEVLP,0
LFAC,0
LFACU,0
LFACW,0
LFTR,0
LFTRU,0
LFTRW,0
LFUS,0
LFVN,0
LGHL,0
LGHLW,0
LGIH,0
LGND,0
LHCG,0
LI,0
LILA,0
LILAK,0
LINC,0
LIND,0
LIQT,0
LITE,0
LIVE,0
LIVK,0
LIVKU,0
LIVKW,0
LIVN,0
LIVX,0
LIXT,0
LIXTW,0
LIZI,0
LJPC,0
LKCO,0
LKFN,0
LKOR,0
LKQ,0
LLIT,0
LLNW,0
LMAT,0
LMB,0
LMBS,0
LMFA,0
LMNL,0
LMNR,0
LMNX,0
LMPX,0
LMRK,0
LMRKN,0
LMRKO,0
LMRKP,0
LMST,0
LNDC,0
LNGR,0
LNSR,0
LNTH,0
LOAC,0
LOACR,0
LOACU,0
LOACW,0
LOAN,0
LOB,0
LOCO,0
LOGC,0
LOGI,0
LOOP,0
LOPE,0
LORL,0
LOVE,0
LPCN,0
LPLA,0
LPRO,0
LPSN,0
LPTH,0
LPTX,0
LQDA,0
LQDT,0
LRCX,0
LRGE,0
LRMR,0
LSAC,0
LSACU,0
LSACW,0
LSAQ,0
LSBK,0
LSCC,0
LSTR,0
LSXMA,0
LSXMB,0
LSXMK,0
LTBR,0
LTRN,0
LTRPA,0
LTRPB,0
LTRX,0
LULU,0
LUMN,0
LUMO,0
LUNA,0
LUNG,0
LUV,0
LUXAU,0
LVHD,0
LWAY,0
LX,0
LXEH,0
LXRX,0
LYFT,0
LYL,0
LYRA,0
LYTS,0
M,0
MAAC,0
MAACU,0
MAACW,0
MACK,0
MACU,0
MACUU,0
MACUW,0
MAGS,0
MANH,0
MANT,0
MAR,0
MARA,0
MARK,0
MARPS,0
MASI,0
MAT,0
MATW,0
MAXN,0
MAYS,0
MBB,0
MBCN,0
MBII,0
MBIN,0
MBINO,0
MBINP,0
MBIO,0
MBNKP,0
MBOT,0
MBRX,0
MBSD,0
MBUU,0
MBWM,0
MCAC,0
MCACR,0
MCACU,0
MCBC,0
MCBS,0
MCEF,0
MCEP,0
MCFE,0
MCFT,0
MCHI,0
MCHP,0
MCHX,0
MCMJ,0
MCMJW,0
MCRB,0
MCRI,0
MDB,0
MDCA,0
MDGL,0
MDGS,0
MDGSW,0
MDIA,0
MDIV,0
MDJH,0
MDLZ,0
MDNA,0
MDRR,0
MDRRP,0
MDVL,0
MDWD,0
MDXG,0
MEDP,0
MEDS,0
MEIP,0
MELI,0
MEOH,0
MERC,0
MESA,0
MESO,0
METC,0
METX,0
METXW,0
MFH,0
MFIN,0
MFINL,0
MFNC,0
MGEE,0
MGEN,0
MGI,0
MGIC,0
MGLN,0
MGM,0
MGNI,0
MGNX,0
MGPI,0
MGRC,0
MGTA,0
MGTX,0
MGYR,0
MHLD,0
MICT,0
MIDD,0
MIK,0
MILN,0
MIME,0
MIND,0
MINDP,0
MIRM,0
MIST,0
MITK,0
MITO,0
MKD,0
MKGI,0
MKSI,0
MKTX,0
MLAB,0
MLAC,0
MLACU,0
MLACW,0
MLCO,0
MLHR,0
MLND,0
MLVF,0
MMAC,0
MMLP,0
MMSI,0
MMYT,0
MNCL,0
MNCLU,0
MNCLW,0
MNDO,0
MNKD,0
MNOV,0
MNPR,0
MNRO,0
MNSB,0
MNSBP,0
MNST,0
MNTX,0
MO,0
MOFG,0
MOGO,0
MOHO,0
MOMO,0
MOR,0
MORF,0
MORN,0
MOSY,0
MOTN,0
MOTNU,0
MOTNW,0
MOTS,0
MOXC,0
MPAA,0
MPB,0
MPLN,0
MPWR,0
MRACU,0
MRAM,0
MRBK,0
MRCC,0
MRCCL,0
MRCY,0
MREO,0
MRIN,0
MRK,0
MRKR,0
MRLN,0
MRNA,0
MRNS,0
MRO,0
MRSN,0
MRTN,0
MRTX,0
MRUS,0
MRVI,0
MRVL,0
MS,0
MSBI,0
MSEX,0
MSFT,0
MSON,0
MSTR,0
MSVB,0
MTBC,0
MTBCP,0
MTC,0
MTCH,0
MTCR,0
MTEM,0
MTEX,0
MTLS,0
MTP,0
MTRX,0
MTSC,0
MTSI,0
MTSL,0
MU,0
MUDSU,0
MVBF,0
MVIS,0
MVNR,0
MWK,0
MXIM,0
MYFW,0
MYGN,0
MYRG,0
MYSZ,0
MYT,0
NAII,0
NAKD,0
NAOV,0
NARI,0
NATH,0
NATI,0
NATR,0
NAVI,0
NBAC,0
NBACR,0
NBACU,0
NBACW,0
NBEV,0
NBIX,0
NBLX,0
NBN,0
NBRV,0
NBSE,0
NBTB,0
NBTX,0
NCBS,0
NCLH,0
NCMI,0
NCNA,0
NCNO,0
NCSM,0
NCTY,0
NDAQ,0
NDLS,0
NDRA,0
NDRAW,0
NDSN,0
NEBCU,0
NEO,0
NEOG,0
NEON,0
NEOS,0
NEPH,0
NEPT,0
NERV,0
NES,0
NESR,0
NESRW,0
NETE,0
NEWA,0
NEWT,0
NEWTI,0
NEWTL,0
NEXT,0
NFBK,0
NFE,0
NFLX,0
NFTY,0
NGAC,0
NGACU,0
NGACW,0
NGHC,0
NGHCN,0
NGHCO,0
NGHCP,0
NGHCZ,0
NGM,0
NGMS,0
NH,0
NHIC,0
NHICU,0
NHICW,0
NHLD,0
NHLDW,0
NHTC,0
NICE,0
NICK,0
NIO,0
NISN,0
NIU,0
NK,0
NKE,0
NKLA,0
NKSH,0
NKTR,0
NKTX,0
NLOK,0
NLSP,0
NLSPW,0
NLTX,0
NLY,0
NMCI,0
NMFC,0
NMFCL,0
NMIH,0
NMMC,0
NMMCU,0
NMMCW,0
NMRD,0
NMRK,0
NNBR,0
NNDM,0
NNOX,0
NOACU,0
NODK,0
NOK,0
NOVN,0
NOVS,0
NOVSU,0
NOVSW,0
NOVT,0
NPA,0
NPAUU,0
NPAWW,0
NRBO,0
NRC,0
NRIM,0
NRIX,0
NSEC,0
NSIT,0
NSSC,0
NSTG,0
NSYS,0
NTAP,0
NTCT,0
NTEC,0
NTES,0
NTGR,0
NTIC,0
NTLA,0
NTNX,0
NTRA,0
NTRS,0
NTRSO,0
NTUS,0
NTWK,0
NUAN,0
NURO,0
NUVA,0
NUZE,0
NVAX,0
NVCN,0
NVCR,0
NVDA,0
NVEC,0
NVEE,0
NVFY,0
NVIV,0
NVMI,0
NVTA,0
NVUS,0
NWBI,0
NWE,0
NWFL,0
NWL,0
NWLI,0
NWPX,0
NWS,0
NWSA,0
NXGN,0
NXMD,0
NXPI,0
NXST,0
NXTC,0
NXTD,0
NXTG,0
NYMT,0
NYMTM,0
NYMTN,0
NYMTO,0
NYMTP,0
NYMX,0
OAS,0
OBAS,0
OBCI,0
OBLN,0
OBNK,0
OBSV,0
OCC,0
OCCI,0
OCCIP,0
OCFC,0
OCFCP,0
OCG,0
OCGN,0
OCSI,0
OCSL,0
OCUL,0
OCUP,0
ODFL,0
ODP,0
ODT,0
OEG,0
OESX,0
OFED,0
OFIX,0
OFLX,0
OFS,0
OFSSG,0
OFSSI,0
OFSSL,0
OFSSZ,0
OGI,0
OIIM,0
OKTA,0
OLB,0
OLD,0
OLED,0
OLLI,0
OLMA,0
OM,0
OMAB,0
OMCL,0
OMER,0
OMEX,0
OMP,0
ON,0
ONB,0
ONCR,0
ONCS,0
ONCT,0
ONCY,0
ONDS,0
ONEQ,0
ONEW,0
ONTX,0
ONTXW,0
ONVO,0
OPBK,0
OPCH,0
OPEN,0
OPGN,0
OPHC,0
OPI,0
OPINI,0
OPINL,0
OPK,0
OPNT,0
OPOF,0
OPRA,0
OPRT,0
OPRX,0
OPT,0
OPTN,0
OPTT,0
ORBC,0
ORCL,0
ORGO,0
ORGS,0
ORIC,0
ORLY,0
ORMP,0
ORPH,0
ORRF,0
ORTX,0
OSBC,0
OSIS,0
OSMT,0
OSN,0
OSPN,0
OSS,0
OSTK,0
OSUR,0
OSW,0
OTEL,0
OTEX,0
OTG,0
OTIC,0
OTLK,0
OTLKW,0
OTRA,0
OTRAU,0
OTRAW,0
OTRK,0
OTRKP,0
OTTR,0
OVBC,0
OVID,0
OVLY,0
OXBR,0
OXBRW,0
OXFD,0
OXLC,0
OXLCM,0
OXLCO,0
OXLCP,0
OXSQ,0
OXSQL,0
OXSQZ,0
OXY,0
OYST,0
OZK,0
OZON,0
PAA,0
PAAS,0
PACB,0
PACW,0
PAE,0
PAEWW,0
PAGP,0
PAHC,0
PAIC,0
PAICU,0
PAICW,0
PAND,0
PANL,0
PASG,0
PATI,0
PATK,0
PAVM,0
PAVMW,0
PAVMZ,0
PAYA,0
PAYAW,0
PAYS,0
PAYX,0
PBCT,0
PBCTP,0
PBFS,0
PBHC,0
PBIO,0
PBIP,0
PBLA,0
PBPB,0
PBR,0
PBTS,0
PBYI,0
PCAR,0
PCB,0
PCG,0
PCH,0
PCIM,0
PCOM,0
PCRX,0
PCSA,0
PCSB,0
PCTI,0
PCTY,0
PCVX,0
PCYG,0
PCYO,0
PDBC,0
PDCE,0
PDCO,0
PDD,0
PDEV,0
PDEX,0
PDFS,0
PDLB,0
PDLI,0
PDP,0
PDSB,0
PEBK,0
PEBO,0
PECK,0
PEGA,0
PEIX,0
PENN,0
PEP,0
PERI,0
PESI,0
PETQ,0
PETS,0
PETZ,0
PEY,0
PEZ,0
PFBC,0
PFBI,0
PFC,0
PFE,0
PFF,0
PFG,0
PFHD,0
PFI,0
PFIE,0
PFIN,0
PFIS,0
PFLT,0
PFM,0
PFMT,0
PFPT,0
PFSW,0
PGC,0
PGEN,0
PGJ,0
PGNY,0
PGTI,0
PHAS,0
PHAT,0
PHCF,0
PHICU,0
PHIO,0
PHIOW,0
PHO,0
PHUN,0
PHUNW,0
PI,0
PIC,0
PICO,0
PID,0
PIE,0
PINC,0
PINS,0
PIO,0
PIRS,0
PIXY,0
PIZ,0
PKBK,0
PKOH,0
PKW,0
PLAB,0
PLAY,0
PLBC,0
PLCE,0
PLIN,0
PLL,0
PLMR,0
PLPC,0
PLRX,0
PLSE,0
PLTR,0
PLUG,0
PLUS,0
PLW,0
PLXP,0
PLXS,0
PLYA,0
PM,0
PMBC,0
PMD,0
PME,0
PMVP,0
PNBK,0
PNFP,0
PNFPP,0
PNNT,0
PNNTG,0
PNQI,0
PNRG,0
PNTG,0
POAI,0
PODD,0
POLA,0
POOL,0
POTX,0
POWI,0
POWL,0
POWW,0
PPBI,0
PPC,0
PPD,0
PPH,0
PPIH,0
PPL,0
PPSI,0
PRAA,0
PRAH,0
PRAX,0
PRCP,0
PRDO,0
PRFT,0
PRFX,0
PRFZ,0
PRGS,0
PRGX,0
PRIM,0
PRLD,0
PRMW,0
PRN,0
PROF,0
PROG,0
PROV,0
PRPH,0
PRPL,0
PRPO,0
PRQR,0
PRSC,0
PRTA,0
PRTC,0
PRTH,0
PRTK,0
PRTS,0
PRVB,0
PRVL,0
PS,0
PSAC,0
PSACU,0
PSACW,0
PSC,0
PSCC,0
PSCD,0
PSCE,0
PSCF,0
PSCH,0
PSCI,0
PSCM,0
PSCT,0
PSCU,0
PSEC,0
PSET,0
PSHG,0
PSL,0
PSMT,0
PSNL,0
PSTI,0
PSTV,0
PSTX,0
PT,0
PTAC,0
PTACU,0
PTACW,0
PTC,0
PTCT,0
PTE,0
PTEN,0
PTF,0
PTGX,0
PTH,0
PTI,0
PTICU,0
PTMN,0
PTNR,0
PTON,0
PTPI,0
PTRS,0
PTSI,0
PTVCA,0
PTVCB,0
PTVE,0
PUBM,0
PUI,0
PULM,0
PUYI,0
PVAC,0
PVBC,0
PWFL,0
PWOD,0
PXI,0
PXLW,0
PXMD,0
PXS,0
PXSAP,0
PXSAW,0
PY,0
PYPD,0
PYPL,0
PYZ,0
PZZA,0
QABA,0
QADA,0
QADB,0
QAT,0
QCLN,0
QCOM,0
QCRH,0
QDEL,0
QELL,0
QELLU,0
QELLW,0
QEP,0
QGEN,0
QH,0
QIWI,0
QK,0
QLC,0
QLGN,0
QLYS,0
QMCO,0
QNST,0
QQC,0
QQD,0
QQEW,0
QQQ,0
QQQJ,0
QQQM,0
QQQN,0
QQQX,0
QQXT,0
QRHC,0
QRTEA,0
QRTEB,0
QRTEP,0
QRVO,0
QS,0
QTEC,0
QTNT,0
QTRX,0
QTT,0
QUIK,0
QUMU,0
QURE,0
QYLD,0
QYLG,0
RAACU,0
RACA,0
RADA,0
RADI,0
RAIL,0
RAND,0
RAPT,0
RARE,0
RAVE,0
RAVN,0
RBB,0
RBBN,0
RBCAA,0
RBCN,0
RBKB,0
RBNC,0
RCEL,0
RCHG,0
RCHGU,0
RCHGW,0
RCII,0
RCKT,0
RCKY,0
RCM,0
RCMT,0
RCON,0
RDCM,0
RDFN,0
RDHL,0
RDI,0
RDIB,0
RDNT,0
RDUS,0
RDVT,0
RDVY,0
RDWR,0
REAL,0
REDU,0
REED,0
REFR,0
REG,0
REGI,0
REGN,0
REKR,0
RELL,0
RELV,0
REPH,0
REPL,0
RESN,0
RETA,0
RETO,0
REYN,0
RF,0
RFAP,0
RFDI,0
RFEM,0
RFEU,0
RFIL,0
RGCO,0
RGEN,0
RGLD,0
RGLS,0
RGNX,0
RGP,0
RIBT,0
RICK,0
RIDE,0
RIDEW,0
RIG,0
RIGL,0
RILY,0
RILYG,0
RILYH,0
RILYI,0
RILYL,0
RILYM,0
RILYN,0
RILYO,0
RILYP,0
RILYZ,0
RING,0
RIOT,0
RIVE,0
RKDA,0
RLAY,0
RLMD,0
RMBI,0
RMBL,0
RMBS,0
RMCF,0
RMGBU,0
RMNI,0
RMR,0
RMRM,0
RMTI,0
RNA,0
RNDB,0
RNDM,0
RNDV,0
RNEM,0
RNET,0
RNLC,0
RNLX,0
RNMC,0
RNSC,0
RNST,0
RNWK,0
ROAD,0
ROBO,0
ROBT,0
ROCCU,0
ROCH,0
ROCHU,0
ROCHW,0
ROCK,0
ROIC,0
ROKU,0
ROLL,0
ROOT,0
ROST,0
RP,0
RPAY,0
RPD,0
RPRX,0
RPTX,0
RRBI,0
RRD,0
RRGB,0
RRR,0
RSSS,0
RSVAU,0
RTH,0
RTLR,0
RTX,0
RUBY,0
RUHN,0
RUN,0
RUSHA,0
RUSHB,0
RUTH,0
RVMD,0
RVNC,0
RVPH,0
RVPHW,0
RVSB,0
RWLK,0
RXT,0
RYAAY,0
RYTM,0
RZLT,0
SABR,0
SABRP,0
SAFM,0
SAFT,0
SAGE,0
SAIA,0
SAII,0
SAIIU,0
SAIIW,0
SAL,0
SALM,0
SAMG,0
SAN,0
SANM,0
SANW,0
SASR,0
SATS,0
SAVA,0
SAVE,0
SBAC,0
SBBP,0
SBCF,0
SBFG,0
SBGI,0
SBLK,0
SBLKZ,0
SBNY,0
SBRA,0
SBSI,0
SBT,0
SBTX,0
SBUX,0
SCCI,0
SCHL,0
SCHN,0
SCHW,0
SCKT,0
SCOR,0
SCPH,0
SCPL,0
SCPS,0
SCSC,0
SCVL,0
SCWX,0
SCYX,0
SCZ,0
SDC,0
SDG,0
SDGR,0
SDVY,0
SEAC,0
SECO,0
SEDG,0
SEED,0
SEEL,0
SEER,0
SEIC,0
SELB,0
SELF,0
SENEA,0
SENEB,0
SESN,0
SFBC,0
SFBS,0
SFET,0
SFIX,0
SFM,0
SFNC,0
SFST,0
SFT,0
SFTTW,0
SG,0
SGA,0
SGAM,0
SGAMU,0
SGAMW,0
SGBX,0
SGC,0
SGEN,0
SGH,0
SGLB,0
SGLBW,0
SGMA,0
SGMO,0
SGMS,0
SGOC,0
SGRP,0
SGRY,0
SGTX,0
SHBI,0
SHC,0
SHEN,0
SHIP,0
SHIPW,0
SHIPZ,0
SHLD,0
SHOO,0
SHSP,0
SHV,0
SHY,0
SHYF,0
SIBN,0
SIC,0
SIEB,0
SIEN,0
SIFY,0
SIGA,0
SIGI,0
SIGIP,0
SILC,0
SILK,0
SIMO,0
SINA,0
SINO,0
SINT,0
SIOX,0
SIRI,0
SITM,0
SIVB,0
SIVBP,0
SJ,0
SKOR,0
SKYW,0
SKYY,0
SLAB,0
SLB,0
SLCT,0
SLDB,0
SLGG,0
SLGL,0
SLGN,0
SLM,0
SLMBP,0
SLN,0
SLNO,0
SLP,0
SLQD,0
SLRC,0
SLRX,0
SLS,0
SLVO,0
SMBC,0
SMBK,0
SMCI,0
SMED,0
SMH,0
SMID,0
SMIT,0
SMMC,0
SMMCU,0
SMMCW,0
SMMF,0
SMMT,0
SMPL,0
SMSI,0
SMTC,0
SMTI,0
SMTX,0
SNAP,0
SNBR,0
SNCA,0
SNCR,0
SND,0
SNDE,0
SNDL,0
SNDX,0
SNES,0
SNEX,0
SNFCA,0
SNGX,0
SNGXW,0
SNLN,0
SNOA,0
SNPS,0
SNRHU,0
SNSR,0
SNSS,0
SNUG,0
SNY,0
SOCL,0
SOHO,0
SOHOB,0
SOHON,0
SOHOO,0
SOHU,0
SOLO,0
SOLOW,0
SOLY,0
SONA,0
SONM,0
SONN,0
SONO,0
SOXX,0
SP,0
SPCB,0
SPCE,0
SPEL,0
SPFI,0
SPI,0
SPKE,0
SPKEP,0
SPLK,0
SPNE,0
SPNS,0
SPOK,0
SPPI,0
SPQQ,0
SPRB,0
SPRO,0
SPRT,0
SPSC,0
SPT,0
SPTN,0
SPWH,0
SPWR,0
SQ,0
SQBG,0
SQFT,0
SQLV,0
SQQQ,0
SRAC,0
SRACU,0
SRACW,0
SRAX,0
SRCL,0
SRDX,0
SRET,0
SREV,0
SRGA,0
SRNE,0
SRPT,0
SRRA,0
SRRK,0
SRSA,0
SRSAU,0
SRSAW,0
SRTS,0
SRVA,0
SSB,0
SSBI,0
SSKN,0
SSNC,0
SSNT,0
SSP,0
SSPK,0
SSPKU,0
SSPKW,0
SSRM,0
SSSS,0
SSTI,0
SSYS,0
STAA,0
STAF,0
STAY,0
STBA,0
STCN,0
STEP,0
STFC,0
STIM,0
STKL,0
STKS,0
STLD,0
STMP,0
STND,0
STNE,0
STOK,0
STRA,0
STRL,0
STRM,0
STRO,0
STRS,0
STRT,0
STSA,0
STTK,0
STX,0
STXB,0
SU,0
SUMO,0
SUMR,0
SUNS,0
SUNW,0
SUPN,0
SURF,0
SUSB,0
SUSC,0
SUSL,0
SV,0
SVA,0
SVAC,0
SVACU,0
SVACW,0
SVBI,0
SVC,0
SVMK,0
SVRA,0
SVSVU,0
SVSVW,0
SVVC,0
SWAV,0
SWBI,0
SWI,0
SWIR,0
SWKH,0
SWKS,0
SWN,0
SWTX,0
SXTC,0
SY,0
SYBT,0
SYBX,0
SYKE,0
SYNA,0
SYNC,0
SYNH,0
SYNL,0
SYPR,0
SYRS,0
SYTA,0
SYTAW,0
T,0
TACO,0
TACT,0
TAIT,0
TANH,0
TANNI,0
TANNL,0
TANNZ,0
TAOP,0
TARA,0
TARS,0
TAST,0
TATT,0
TAYD,0
TBBK,0
TBIO,0
TBK,0
TBKCP,0
TBLT,0
TBLTW,0
TBNK,0
TBPH,0
TC,0
TCBI,0
TCBIL,0
TCBIP,0
TCBK,0
TCCO,0
TCDA,0
TCF,0
TCFC,0
TCFCP,0
TCMD,0
TCOM,0
TCON,0
TCPC,0
TCRR,0
TCX,0
TDAC,0
TDACU,0
TDACW,0
TDIV,0
TEAM,0
TECH,0
TECTP,0
TEDU,0
TEKKU,0
TELA,0
TELL,0
TENB,0
TENX,0
TER,0
TESS,0
TFFP,0
TFSL,0
TGA,0
TGLS,0
TGTX,0
TH,0
THBR,0
THBRU,0
THBRW,0
THCA,0
THCAU,0
THCAW,0
THCB,0
THCBU,0
THCBW,0
THFF,0
THMO,0
THRM,0
THRY,0
THTX,0
THWWW,0
TIG,0
TIGO,0
TIGR,0
TILE,0
TIPT,0
TITN,0
TJX,0
TLC,0
TLGT,0
TLMD,0
TLMDW,0
TLND,0
TLRY,176
TLS,0
TLSA,0
TLT,0
TMDI,0
TMDX,0
TME,0
TMPMU,0
TMTS,0
TMTSU,0
TMTSW,0
TMUS,0
TNAV,0
TNDM,0
TNXP,0
TOMZ,0
TOPS,0
TOTA,0
TOTAR,0
TOTAU,0
TOTAW,0
TOUR,0
TOWN,0
TPCO,0
TPIC,0
TPTX,0
TQQQ,0
TRCH,0
TREE,0
TRHC,0
TRIB,0
TRIL,0
TRIP,0
TRIT,0
TRITW,0
TRMB,0
TRMD,0
TRMK,0
TRMT,0
TRNS,0
TROW,0
TRS,0
TRST,0
TRUP,0
TRVG,0
TRVI,0
TRVN,0
TSBK,0
TSC,0
TSCAP,0
TSCBP,0
TSCO,0
TSEM,0
TSHA,0
TSIAU,0
TSLA,231
TSRI,0
TTCF,0
TTCFW,0
TTD,0
TTEC,0
TTEK,0
TTGT,0
TTMI,0
TTNP,0
TTOO,0
TTWO,0
TUR,0
TUSA,0
TUSK,0
TVACU,0
TVTX,0
TVTY,0
TW,0
TWCT,0
TWCTU,0
TWCTW,0
TWIN,0
TWNK,0
TWNKW,0
TWST,0
TWTR,0
TXMD,0
TXN,0
TXRH,0
TYHT,0
TYME,0
TZOO,0
UAE,0
UAL,0
UAVS,0
UBCP,0
UBER,0
UBFO,0
UBOH,0
UBSI,0
UBX,0
UCBI,0
UCBIO,0
UCL,0
UCTT,0
UEIC,0
UEPS,0
UFCS,0
UFO,0
UFPI,0
UFPT,0
UG,0
UHAL,0
UIHC,0
UKOMW,0
ULBI,0
ULH,0
ULTA,0
UMBF,0
UMPQ,0
UNAM,0
UNB,0
UNFI,0
UNIT,0
UNTY,0
UONE,0
UONEK,0
UPLD,0
UPST,0
UPWK,0
URBN,0
URGN,0
UROV,0
USAK,0
USAP,0
USAT,0
USAU,0
USB,0
USCR,0
USEG,0
USIG,0
USIO,0
USLB,0
USLM,0
USMC,0
USOI,0
USWS,0
USWSW,0
USXF,0
UTHR,0
UTMD,0
UTSI,0
UVSP,0
UXIN,0
V,0
VACQ,0
VACQU,0
VACQW,0
VALE,0
VALU,0
VBFC,0
VBIV,0
VBLT,0
VBND,0
VBTX,0
VC,0
VCEL,0
VCIT,0
VCLT,0
VCNX,0
VCSH,0
VCTR,0
VCYT,0
VECO,0
VEON,0
VER,0
VERB,0
VERBW,0
VERI,0
VERO,0
VERU,0
VERX,0
VERY,0
VETS,0
VFF,0
VG,0
VGIT,0
VGLT,0
VGSH,0
VIAC,0
VIACA,0
VIAV,0
VICR,0
VIDI,0
VIE,0
VIGI,0
VIH,0
VIHAU,0
VIHAW,0
VIOT,0
VIPS,0
VIR,0
VIRC,0
VIRT,0
VISL,0
VITL,0
VIVE,0
VIVO,0
VJET,0
VKTX,0
VKTXW,0
VLDR,0
VLDRW,0
VLGEA,0
VLY,0
VLYPO,0
VLYPP,0
VMAC,0
VMACU,0
VMACW,0
VMAR,0
VMBS,0
VMD,0
VNDA,0
VNOM,0
VNQI,0
VOD,0
VONE,0
VONG,0
VONV,0
VOXX,0
VPN,0
VRA,0
VRAY,0
VRCA,0
VREX,0
VRIG,0
VRM,0
VRME,0
VRMEW,0
VRNA,0
VRNS,0
VRNT,0
VRRM,0
VRSK,0
VRSN,0
VRTS,0
VRTU,0
VRTX,0
VSAT,0
VSDA,0
VSEC,0
VSMV,0
VSPR,0
VSPRU,0
VSPRW,0
VSTA,0
VSTM,0
VTC,0
VTEC,0
VTGN,0
VTHR,0
VTIP,0
VTNR,0
VTRN,0
VTRS,0
VTRU,0
VTSI,0
VTVT,0
VTWG,0
VTWO,0
VTWV,0
VUSE,0
VUZI,0
VVOS,0
VVPR,0
VWOB,0
VXRT,0
VXUS,0
VYGR,0
VYMI,0
VYNE,0
VZ,0
WABC,0
WAFD,0
WAFU,0
WASH,0
WATT,0
WB,0
WBA,0
WBAI,0
WBND,0
WCLD,0
WDAY,0
WDC,0
WDFC,0
WEN,0
WERN,0
WETF,0
WEYS,0
WFC,0
WHF,0
WHFBZ,0
WHLM,0
WHLR,0
WHLRD,0
WHLRP,0
WIFI,0
WILC,0
WIMI,0
WINA,0
WINC,0
WING,0
WINT,0
WIRE,0
WISA,0
WISH,0
WIX,0
WKEY,0
WKHS,0
WLDN,0
WLFC,0
WLTW,0
WMB,0
WMG,0
WMT,0
WNEB,0
WNFM,0
WNW,0
WOOD,0
WORK,0
WORX,0
WPRT,0
WRAP,0
WRLD,0
WSBC,0
WSBCP,0
WSBF,0
WSC,0
WSFS,0
WSG,0
WSTG,0
WTBA,0
WTER,0
WTFC,0
WTFCM,0
WTFCP,0
WTRE,0
WTREP,0
WTRH,0
WVE,0
WVFC,0
WVVI,0
WVVIP,0
WW,0
WWD,0
WWR,0
WYNN,0
X,0
XAIR,0
XBIO,0
XBIOW,0
XBIT,0
XCUR,0
XEL,0
XELA,0
XELB,0
XENE,0
XENT,0
XERS,0
XFOR,0
XGN,0
XLNX,0
XNCR,0
XNET,0
XOM,0
XOMA,0
XONE,0
XP,0
XPEL,0
XPER,0
XPEV,0
XRAY,0
XSPA,0
XT,0
XTLB,0
YGMZ,0
YJ,0
YLCO,0
YLDE,0
YMAB,0
YNDX,0
YORW,0
YRCW,0
YSAC,0
YSACU,0
YSACW,0
YTEN,0
YTRA,0
YVR,0
YY,0
Z,0
ZAGG,0
ZBRA,0
ZCMD,0
ZEAL,0
ZEUS,0
ZG,0
ZGNX,0
ZGYH,0
ZGYHR,0
ZGYHU,0
ZGYHW,0
ZI,0
ZION,0
ZIONL,0
ZIONN,0
ZIONO,0
ZIONP,0
ZIOP,0
ZIXI,0
ZKIN,0
ZLAB,0
ZM,0
ZNGA,0
ZNTEU,0
ZNTL,0
ZS,0
ZSAN,0
ZTEST,0
ZUMZ,0
ZVO,0
ZYNE,0
ZYXI,0
TRUE,0
